[
  {
    "name": "Bob",
    "uuid": "99c1891a-6bc4-11ed-a1eb-0242ac120002"
  },
  {
    "name": "Dan",
    "uuid": "99c18c94-6bc4-11ed-a1eb-0242ac120002"
  },
  {
    "name": "Abi",
    "uuid": "99c18e10-6bc4-11ed-a1eb-0242ac120002"
  },
  {
    "name": "Usmaan",
    "uuid": "99c191bc-6bc4-11ed-a1eb-0242ac120002"
  },
  {
    "name": "Menna",
    "uuid": "99c19388-6bc4-11ed-a1eb-0242ac120002"
  },
  {
    "name": "Ilyas",
    "uuid": "99c19518-6bc4-11ed-a1eb-0242ac120002"
  },
  {
    "name": "Ariah",
    "uuid": "99c196d0-6bc4-11ed-a1eb-0242ac120002"
  },
  {
    "name": "Leyla",
    "uuid": "99c1986a-6bc4-11ed-a1eb-0242ac120002"
  },
  {
    "name": "Kie",
    "uuid": "99c19c02-6bc4-11ed-a1eb-0242ac120002"
  },
  {
    "name": "Ishika",
    "uuid": "99c19db0-6bc4-11ed-a1eb-0242ac120002"
  }
]
